Workbook

Sheet 简化版
A1: 加仓部分 | I1: 减仓部分
B2: 7舍8入 | C2: 每笔交易亏损不超过总资金的3% | K2: 7舍8入
B3: 全凯利 | D3: 四分之三 | F3: 半凯利 | J3: 减仓策略
A4: 当前价格 | B4: 股数 | C4: 亏损占总资金比例 | D4: 股数 | E4: 亏损占总资金比例 | F4: 股数 | G4: 亏损占总资金比例 | I4: 当前价格 | J4: 减仓比例 | K4: 股数
A5: =凯利公式!A38 -> 2.8 | B5: =凯利公式!H38 -> 0 | C5: =凯利公式!J38 -> 0 | D5: =凯利公式!M38 -> 0 | E5: =凯利公式!O38 -> 0 | F5: =凯利公式!W38 -> 0 | G5: =凯利公式!Y38 -> 0 | I5: =凯利公式!A18 -> 3.2 | J5: =凯利公式!AF18 -> 1 | K5: =凯利公式!AG18 -> 35000
A6: =凯利公式!A39 -> 2.78 | B6: =凯利公式!H39 -> 0 | C6: =凯利公式!J39 -> 0 | D6: =凯利公式!M39 -> 0 | E6: =凯利公式!O39 -> 0 | F6: =凯利公式!W39 -> 0 | G6: =凯利公式!Y39 -> 0 | I6: =凯利公式!A19 -> 3.18 | J6: =凯利公式!AF19 -> 1 | K6: =凯利公式!AG19 -> 35000
A7: =凯利公式!A40 -> 2.76 | B7: =凯利公式!H40 -> 1700 | C7: =凯利公式!J40 -> 0.0038728578 | D7: =凯利公式!M40 -> 1300 | E7: =凯利公式!O40 -> 0.0029046433 | F7: =凯利公式!W40 -> 900 | G7: =凯利公式!Y40 -> 0.0019364289 | I7: =凯利公式!A20 -> 3.16 | J7: =凯利公式!AF20 -> 1 | K7: =凯利公式!AG20 -> 35000
A8: =凯利公式!A41 -> 2.74 | B8: =凯利公式!H41 -> 3600 | C8: =凯利公式!J41 -> 0.0076336757 | D8: =凯利公式!M41 -> 2700 | E8: =凯利公式!O41 -> 0.0057252568 | F8: =凯利公式!W41 -> 1800 | G8: =凯利公式!Y41 -> 0.0038168378 | I8: =凯利公式!A21 -> 3.14 | J8: =凯利公式!AF21 -> 0.75 | K8: =凯利公式!AG21 -> 26200
A9: =凯利公式!A42 -> 2.72 | B9: =凯利公式!H42 -> 5400 | C9: =凯利公式!J42 -> 0.010722144 | D9: =凯利公式!M42 -> 4000 | E9: =凯利公式!O42 -> 0.0080416077 | F9: =凯利公式!W42 -> 2700 | G9: =凯利公式!Y42 -> 0.0053610718 | I9: =凯利公式!A22 -> 3.12 | J9: =凯利公式!AF22 -> 0.75 | K9: =凯利公式!AG22 -> 26200
A10: =凯利公式!A43 -> 2.7 | B10: =凯利公式!H43 -> 7000 | C10: =凯利公式!J43 -> 0.013221278 | D10: =凯利公式!M43 -> 5200 | E10: =凯利公式!O43 -> 0.0099159583 | F10: =凯利公式!W43 -> 3500 | G10: =凯利公式!Y43 -> 0.0066106389 | I10: =凯利公式!A23 -> 3.1 | J10: =凯利公式!AF23 -> 0.75 | K10: =凯利公式!AG23 -> 26200
A11: =凯利公式!A44 -> 2.68 | B11: =凯利公式!H44 -> 8500 | C11: =凯利公式!J44 -> 0.015199738 | D11: =凯利公式!M44 -> 6400 | E11: =凯利公式!O44 -> 0.011399804 | F11: =凯利公式!W44 -> 4200 | G11: =凯利公式!Y44 -> 0.0075998691 | I11: =凯利公式!A24 -> 3.08 | J11: =凯利公式!AF24 -> 0.75 | K11: =凯利公式!AG24 -> 26200
A12: =凯利公式!A45 -> 2.66 | B12: =凯利公式!H45 -> 9900 | C12: =凯利公式!J45 -> 0.016714759 | D12: =凯利公式!M45 -> 7400 | E12: =凯利公式!O45 -> 0.012536069 | F12: =凯利公式!W45 -> 4900 | G12: =凯利公式!Y45 -> 0.0083573793 | I12: =凯利公式!A25 -> 3.06 | J12: =凯利公式!AF25 -> 0.75 | K12: =凯利公式!AG25 -> 26200
A13: =凯利公式!A46 -> 2.64 | B13: =凯利公式!H46 -> 11200 | C13: =凯利公式!J46 -> 0.017814383 | D13: =凯利公式!M46 -> 8400 | E13: =凯利公式!O46 -> 0.013360787 | F13: =凯利公式!W46 -> 5600 | G13: =凯利公式!Y46 -> 0.0089071914 | I13: =凯利公式!A26 -> 3.04 | J13: =凯利公式!AF26 -> 0.75 | K13: =凯利公式!AG26 -> 26200
A14: =凯利公式!A47 -> 2.62 | B14: =凯利公式!H47 -> 12500 | C14: =凯利公式!J47 -> 0.018539196 | D14: =凯利公式!M47 -> 9300 | E14: =凯利公式!O47 -> 0.013904397 | F14: =凯利公式!W47 -> 6200 | G14: =凯利公式!Y47 -> 0.009269598 | I14: =凯利公式!A27 -> 3.02 | J14: =凯利公式!AF27 -> 0.75 | K14: =凯利公式!AG27 -> 26200
A15: =凯利公式!A48 -> 2.6 | B15: =凯利公式!H48 -> 13600 | C15: =凯利公式!J48 -> 0.018923676 | D15: =凯利公式!M48 -> 10200 | E15: =凯利公式!O48 -> 0.014192757 | F15: =凯利公式!W48 -> 6800 | G15: =凯利公式!Y48 -> 0.009461838 | I15: =凯利公式!A28 -> 3 | J15: =凯利公式!AF28 -> 0.72388479 | K15: =凯利公式!AG28 -> 25300
A16: =凯利公式!A49 -> 2.58 | B16: =凯利公式!H49 -> 14800 | C16: =凯利公式!J49 -> 0.018997258 | D16: =凯利公式!M49 -> 11100 | E16: =凯利公式!O49 -> 0.014247944 | F16: =凯利公式!W49 -> 7400 | G16: =凯利公式!Y49 -> 0.0094986291 | I16: =凯利公式!A29 -> 2.98 | J16: =凯利公式!AF29 -> 0.67560122 | K16: =凯利公式!AG29 -> 23600
... A30: =凯利公式!A63 -> 2.3 | B30: =凯利公式!H63 -> 26900 | C30: =凯利公式!J63 -> -0.0030920495 | D30: =凯利公式!M63 -> 20100 | E30: =凯利公式!O63 -> -0.0023190371 | F30: =凯利公式!W63 -> 13400 | G30: =凯利公式!Y63 -> -0.0015460247 | I30: =凯利公式!A43 -> 2.7 | J30: =凯利公式!AF43 -> 0 | K30: =凯利公式!AG43 -> 0
A32: =凯利公式!A65 -> 每笔交易后，需更新可用资金，然后重新计算
A33: =凯利公式!A66 -> 止损规则：跌破最低位-2%，则立刻止损离场，可确保每笔交易亏损不超过总资金的5%

Sheet 凯利公式
A1: 预期最高价 | B1: 预期最低价 | C1: 总资金 | D1: 可用资金 | E1: 胜率（保守估计） | F1: 持仓股数 | G1: 黄色格子需要手动填写，每天复盘时更新
A2: 3.149 | B2: 2.323 | C2: 200000 | D2: 110000 | E2: 0.55 | F2: 35000 | G2: 更准确的胜率需要回测
A4: 如何减仓（自己拍脑袋的策略）盈亏比线性插值法
B5: 减仓起点 | C5: 终点
A6: 盈亏比 | B6: 0.7 | C6: 0.2
A7: 减仓比例 | B7: 0.1 | C7: 0.75
A8: 盈亏比大于起点，不减仓
A9: 盈亏比介于两者之间，按插值比例减仓
A10: 盈亏比小于终点，按最大比例减仓
A11: 股价超过最高价，清仓
A12: 每次减仓后，要更新持股数量
F14: 仓位不显示负数 | H14: 7舍8入 | J14: 每笔交易亏损不超过总资金的3%
K15: 系数 | L15: 0.75 | P15: 系数 | Q15: 0.67 | U15: 系数 | V15: 0.5 | Z15: 系数 | AA15: 0.33
F16: 全凯利 | K16: 四分之三 | P16: 三分之二 | U16: 半凯利 | Z16: 三分之一 | AE16: 减仓策略
A17: 当前价格 | B17: 上涨空间 | C17: 下跌空间 | D17: 盈亏比 | E17: 盈亏平衡胜率 | F17: 推荐仓位 | G17: 投入金额 | H17: 股数 | I17: 最大亏损 | J17: 占总资金比例 | K17: 推荐仓位 | L17: 投入金额 | M17: 股数 | N17: 最大亏损 | O17: 占总资金比例 | P17: 推荐仓位 | Q17: 投入金额 | R17: 股数 | S17: 最大亏损 | T17: 占总资金比例 | U17: 推荐仓位 | V17: 投入金额 | W17: 股数 | X17: 最大亏损 | Y17: 占总资金比例 | Z17: 推荐仓位 | AA17: 投入金额 | AB17: 股数 | AC17: 最大亏损 | AD17: 占总资金比例 | AE17: 差值结果 | AF17: 减仓比例 | AG17: 股数
A18: 3.2 | B18: =($A$2-A18)/A18 -> -0.0159375 | C18: =(A18-$B$2)/A18 -> 0.2740625 | D18: =B18/C18 -> -0.058152794 | E18: =C18/(B18+C18) -> 1.0617433 | F18: =IF(B18>0,MAX(0,($E$2*D18-(1-$E$2))/D18),0) -> 0 | G18: =$D$2*F18 -> 0 | H18: =ROUNDDOWN((G18/$A18)/100+0.2,0)*100 -> 0 | I18: =G18*$C18 -> 0 | J18: =I18/$C$2 -> 0 | K18: =$F18*L$15 -> 0 | L18: =$D$2*K18 -> 0 | M18: =ROUNDDOWN((L18/$A18)/100+0.2,0)*100 -> 0 | N18: =L18*$C18 -> 0 | O18: =N18/$C$2 -> 0 | P18: =$F18*Q$15 -> 0 | Q18: =$D$2*P18 -> 0 | R18: =ROUNDDOWN((Q18/$A18)/100+0.2,0)*100 -> 0 | S18: =Q18*$C18 -> 0 | T18: =S18/$C$2 -> 0 | U18: =$F18*V$15 -> 0 | V18: =$D$2*U18 -> 0 | W18: =ROUNDDOWN((V18/$A18)/100+0.2,0)*100 -> 0 | X18: =V18*$C18 -> 0 | Y18: =X18/$C$2 -> 0 | Z18: =$F18*AA$15 -> 0 | AA18: =$D$2*Z18 -> 0 | AB18: =ROUNDDOWN((AA18/$A18)/100+0.2,0)*100 -> 0 | AC18: =AA18*$C18 -> 0 | AD18: =AC18/$C$2 -> 0 | AE18: =$C$7-+($C$7-$B$7)*(D18-$C$6)/($B$6-$C$6) -> 1.0855986 | AF18: =IF(D18>$B$6,0,IF(D18>$C$6,AE18,IF(D18>0,$C$7,1))) -> 1 | AG18: =ROUNDDOWN(($F$2*AF18)/100+0.2,0)*100 -> 35000
A19: 3.18 | B19: =($A$2-A19)/A19 -> -0.0097484277 | C19: =(A19-$B$2)/A19 -> 0.26949686 | D19: =B19/C19 -> -0.036172695 | E19: =C19/(B19+C19) -> 1.0375303 | F19: =IF(B19>0,MAX(0,($E$2*D19-(1-$E$2))/D19),0) -> 0 | G19: =$D$2*F19 -> 0 | H19: =ROUNDDOWN((G19/$A19)/100+0.2,0)*100 -> 0 | I19: =G19*$C19 -> 0 | J19: =I19/$C$2 -> 0 | K19: =$F19*L$15 -> 0 | L19: =$D$2*K19 -> 0 | M19: =ROUNDDOWN((L19/$A19)/100+0.2,0)*100 -> 0 | N19: =L19*$C19 -> 0 | O19: =N19/$C$2 -> 0 | P19: =$F19*Q$15 -> 0 | Q19: =$D$2*P19 -> 0 | R19: =ROUNDDOWN((Q19/$A19)/100+0.2,0)*100 -> 0 | S19: =Q19*$C19 -> 0 | T19: =S19/$C$2 -> 0 | U19: =$F19*V$15 -> 0 | V19: =$D$2*U19 -> 0 | W19: =ROUNDDOWN((V19/$A19)/100+0.2,0)*100 -> 0 | X19: =V19*$C19 -> 0 | Y19: =X19/$C$2 -> 0 | Z19: =$F19*AA$15 -> 0 | AA19: =$D$2*Z19 -> 0 | AB19: =ROUNDDOWN((AA19/$A19)/100+0.2,0)*100 -> 0 | AC19: =AA19*$C19 -> 0 | AD19: =AC19/$C$2 -> 0 | AE19: =$C$7-+($C$7-$B$7)*(D19-$C$6)/($B$6-$C$6) -> 1.0570245 | AF19: =IF(D19>$B$6,0,IF(D19>$C$6,AE19,IF(D19>0,$C$7,1))) -> 1 | AG19: =ROUNDDOWN(($F$2*AF19)/100+0.2,0)*100 -> 35000
A20: 3.16 | B20: =($A$2-A20)/A20 -> -0.0034810127 | C20: =(A20-$B$2)/A20 -> 0.26487342 | D20: =B20/C20 -> -0.013142174 | E20: =C20/(B20+C20) -> 1.0133172 | F20: =IF(B20>0,MAX(0,($E$2*D20-(1-$E$2))/D20),0) -> 0 | G20: =$D$2*F20 -> 0 | H20: =ROUNDDOWN((G20/$A20)/100+0.2,0)*100 -> 0 | I20: =G20*$C20 -> 0 | J20: =I20/$C$2 -> 0 | K20: =$F20*L$15 -> 0 | L20: =$D$2*K20 -> 0 | M20: =ROUNDDOWN((L20/$A20)/100+0.2,0)*100 -> 0 | N20: =L20*$C20 -> 0 | O20: =N20/$C$2 -> 0 | P20: =$F20*Q$15 -> 0 | Q20: =$D$2*P20 -> 0 | R20: =ROUNDDOWN((Q20/$A20)/100+0.2,0)*100 -> 0 | S20: =Q20*$C20 -> 0 | T20: =S20/$C$2 -> 0 | U20: =$F20*V$15 -> 0 | V20: =$D$2*U20 -> 0 | W20: =ROUNDDOWN((V20/$A20)/100+0.2,0)*100 -> 0 | X20: =V20*$C20 -> 0 | Y20: =X20/$C$2 -> 0 | Z20: =$F20*AA$15 -> 0 | AA20: =$D$2*Z20 -> 0 | AB20: =ROUNDDOWN((AA20/$A20)/100+0.2,0)*100 -> 0 | AC20: =AA20*$C20 -> 0 | AD20: =AC20/$C$2 -> 0 | AE20: =$C$7-+($C$7-$B$7)*(D20-$C$6)/($B$6-$C$6) -> 1.0270848 | AF20: =IF(D20>$B$6,0,IF(D20>$C$6,AE20,IF(D20>0,$C$7,1))) -> 1 | AG20: =ROUNDDOWN(($F$2*AF20)/100+0.2,0)*100 -> 35000
A21: 3.14 | B21: =($A$2-A21)/A21 -> 0.002866242 | C21: =(A21-$B$2)/A21 -> 0.26019108 | D21: =B21/C21 -> 0.011015912 | E21: =C21/(B21+C21) -> 0.98910412 | F21: =IF(B21>0,MAX(0,($E$2*D21-(1-$E$2))/D21),0) -> 0 | G21: =$D$2*F21 -> 0 | H21: =ROUNDDOWN((G21/$A21)/100+0.2,0)*100 -> 0 | I21: =G21*$C21 -> 0 | J21: =I21/$C$2 -> 0 | K21: =$F21*L$15 -> 0 | L21: =$D$2*K21 -> 0 | M21: =ROUNDDOWN((L21/$A21)/100+0.2,0)*100 -> 0 | N21: =L21*$C21 -> 0 | O21: =N21/$C$2 -> 0 | P21: =$F21*Q$15 -> 0 | Q21: =$D$2*P21 -> 0 | R21: =ROUNDDOWN((Q21/$A21)/100+0.2,0)*100 -> 0 | S21: =Q21*$C21 -> 0 | T21: =S21/$C$2 -> 0 | U21: =$F21*V$15 -> 0 | V21: =$D$2*U21 -> 0 | W21: =ROUNDDOWN((V21/$A21)/100+0.2,0)*100 -> 0 | X21: =V21*$C21 -> 0 | Y21: =X21/$C$2 -> 0 | Z21: =$F21*AA$15 -> 0 | AA21: =$D$2*Z21 -> 0 | AB21: =ROUNDDOWN((AA21/$A21)/100+0.2,0)*100 -> 0 | AC21: =AA21*$C21 -> 0 | AD21: =AC21/$C$2 -> 0 | AE21: =$C$7-+($C$7-$B$7)*(D21-$C$6)/($B$6-$C$6) -> 0.99567931 | AF21: =IF(D21>$B$6,0,IF(D21>$C$6,AE21,IF(D21>0,$C$7,1))) -> 0.75 | AG21: =ROUNDDOWN(($F$2*AF21)/100+0.2,0)*100 -> 26200
A22: 3.12 | B22: =($A$2-A22)/A22 -> 0.0092948718 | C22: =(A22-$B$2)/A22 -> 0.25544872 | D22: =B22/C22 -> 0.036386449 | E22: =C22/(B22+C22) -> 0.96489104 | F22: =IF(B22>0,MAX(0,($E$2*D22-(1-$E$2))/D22),0) -> 0 | G22: =$D$2*F22 -> 0 | H22: =ROUNDDOWN((G22/$A22)/100+0.2,0)*100 -> 0 | I22: =G22*$C22 -> 0 | J22: =I22/$C$2 -> 0 | K22: =$F22*L$15 -> 0 | L22: =$D$2*K22 -> 0 | M22: =ROUNDDOWN((L22/$A22)/100+0.2,0)*100 -> 0 | N22: =L22*$C22 -> 0 | O22: =N22/$C$2 -> 0 | P22: =$F22*Q$15 -> 0 | Q22: =$D$2*P22 -> 0 | R22: =ROUNDDOWN((Q22/$A22)/100+0.2,0)*100 -> 0 | S22: =Q22*$C22 -> 0 | T22: =S22/$C$2 -> 0 | U22: =$F22*V$15 -> 0 | V22: =$D$2*U22 -> 0 | W22: =ROUNDDOWN((V22/$A22)/100+0.2,0)*100 -> 0 | X22: =V22*$C22 -> 0 | Y22: =X22/$C$2 -> 0 | Z22: =$F22*AA$15 -> 0 | AA22: =$D$2*Z22 -> 0 | AB22: =ROUNDDOWN((AA22/$A22)/100+0.2,0)*100 -> 0 | AC22: =AA22*$C22 -> 0 | AD22: =AC22/$C$2 -> 0 | AE22: =$C$7-+($C$7-$B$7)*(D22-$C$6)/($B$6-$C$6) -> 0.96269762 | AF22: =IF(D22>$B$6,0,IF(D22>$C$6,AE22,IF(D22>0,$C$7,1))) -> 0.75 | AG22: =ROUNDDOWN(($F$2*AF22)/100+0.2,0)*100 -> 26200
A23: 3.1 | B23: =($A$2-A23)/A23 -> 0.015806452 | C23: =(A23-$B$2)/A23 -> 0.25064516 | D23: =B23/C23 -> 0.063063063 | E23: =C23/(B23+C23) -> 0.94067797 | F23: =IF(B23>0,MAX(0,($E$2*D23-(1-$E$2))/D23),0) -> 0 | G23: =$D$2*F23 -> 0 | H23: =ROUNDDOWN((G23/$A23)/100+0.2,0)*100 -> 0 | I23: =G23*$C23 -> 0 | J23: =I23/$C$2 -> 0 | K23: =$F23*L$15 -> 0 | L23: =$D$2*K23 -> 0 | M23: =ROUNDDOWN((L23/$A23)/100+0.2,0)*100 -> 0 | N23: =L23*$C23 -> 0 | O23: =N23/$C$2 -> 0 | P23: =$F23*Q$15 -> 0 | Q23: =$D$2*P23 -> 0 | R23: =ROUNDDOWN((Q23/$A23)/100+0.2,0)*100 -> 0 | S23: =Q23*$C23 -> 0 | T23: =S23/$C$2 -> 0 | U23: =$F23*V$15 -> 0 | V23: =$D$2*U23 -> 0 | W23: =ROUNDDOWN((V23/$A23)/100+0.2,0)*100 -> 0 | X23: =V23*$C23 -> 0 | Y23: =X23/$C$2 -> 0 | Z23: =$F23*AA$15 -> 0 | AA23: =$D$2*Z23 -> 0 | AB23: =ROUNDDOWN((AA23/$A23)/100+0.2,0)*100 -> 0 | AC23: =AA23*$C23 -> 0 | AD23: =AC23/$C$2 -> 0 | AE23: =$C$7-+($C$7-$B$7)*(D23-$C$6)/($B$6-$C$6) -> 0.92801802 | AF23: =IF(D23>$B$6,0,IF(D23>$C$6,AE23,IF(D23>0,$C$7,1))) -> 0.75 | AG23: =ROUNDDOWN(($F$2*AF23)/100+0.2,0)*100 -> 26200
A24: 3.08 | B24: =($A$2-A24)/A24 -> 0.022402597 | C24: =(A24-$B$2)/A24 -> 0.24577922 | D24: =B24/C24 -> 0.091149273 | E24: =C24/(B24+C24) -> 0.91646489 | F24: =IF(B24>0,MAX(0,($E$2*D24-(1-$E$2))/D24),0) -> 0 | G24: =$D$2*F24 -> 0 | H24: =ROUNDDOWN((G24/$A24)/100+0.2,0)*100 -> 0 | I24: =G24*$C24 -> 0 | J24: =I24/$C$2 -> 0 | K24: =$F24*L$15 -> 0 | L24: =$D$2*K24 -> 0 | M24: =ROUNDDOWN((L24/$A24)/100+0.2,0)*100 -> 0 | N24: =L24*$C24 -> 0 | O24: =N24/$C$2 -> 0 | P24: =$F24*Q$15 -> 0 | Q24: =$D$2*P24 -> 0 | R24: =ROUNDDOWN((Q24/$A24)/100+0.2,0)*100 -> 0 | S24: =Q24*$C24 -> 0 | T24: =S24/$C$2 -> 0 | U24: =$F24*V$15 -> 0 | V24: =$D$2*U24 -> 0 | W24: =ROUNDDOWN((V24/$A24)/100+0.2,0)*100 -> 0 | X24: =V24*$C24 -> 0 | Y24: =X24/$C$2 -> 0 | Z24: =$F24*AA$15 -> 0 | AA24: =$D$2*Z24 -> 0 | AB24: =ROUNDDOWN((AA24/$A24)/100+0.2,0)*100 -> 0 | AC24: =AA24*$C24 -> 0 | AD24: =AC24/$C$2 -> 0 | AE24: =$C$7-+($C$7-$B$7)*(D24-$C$6)/($B$6-$C$6) -> 0.89150594 | AF24: =IF(D24>$B$6,0,IF(D24>$C$6,AE24,IF(D24>0,$C$7,1))) -> 0.75 | AG24: =ROUNDDOWN(($F$2*AF24)/100+0.2,0)*100 -> 26200
A25: 3.06 | B25: =($A$2-A25)/A25 -> 0.029084967 | C25: =(A25-$B$2)/A25 -> 0.24084967 | D25: =B25/C25 -> 0.12075984 | E25: =C25/(B25+C25) -> 0.89225182 | F25: =IF(B25>0,MAX(0,($E$2*D25-(1-$E$2))/D25),0) -> 0 | G25: =$D$2*F25 -> 0 | H25: =ROUNDDOWN((G25/$A25)/100+0.2,0)*100 -> 0 | I25: =G25*$C25 -> 0 | J25: =I25/$C$2 -> 0 | K25: =$F25*L$15 -> 0 | L25: =$D$2*K25 -> 0 | M25: =ROUNDDOWN((L25/$A25)/100+0.2,0)*100 -> 0 | N25: =L25*$C25 -> 0 | O25: =N25/$C$2 -> 0 | P25: =$F25*Q$15 -> 0 | Q25: =$D$2*P25 -> 0 | R25: =ROUNDDOWN((Q25/$A25)/100+0.2,0)*100 -> 0 | S25: =Q25*$C25 -> 0 | T25: =S25/$C$2 -> 0 | U25: =$F25*V$15 -> 0 | V25: =$D$2*U25 -> 0 | W25: =ROUNDDOWN((V25/$A25)/100+0.2,0)*100 -> 0 | X25: =V25*$C25 -> 0 | Y25: =X25/$C$2 -> 0 | Z25: =$F25*AA$15 -> 0 | AA25: =$D$2*Z25 -> 0 | AB25: =ROUNDDOWN((AA25/$A25)/100+0.2,0)*100 -> 0 | AC25: =AA25*$C25 -> 0 | AD25: =AC25/$C$2 -> 0 | AE25: =$C$7-+($C$7-$B$7)*(D25-$C$6)/($B$6-$C$6) -> 0.85301221 | AF25: =IF(D25>$B$6,0,IF(D25>$C$6,AE25,IF(D25>0,$C$7,1))) -> 0.75 | AG25: =ROUNDDOWN(($F$2*AF25)/100+0.2,0)*100 -> 26200
A26: 3.04 | B26: =($A$2-A26)/A26 -> 0.035855263 | C26: =(A26-$B$2)/A26 -> 0.23585526 | D26: =B26/C26 -> 0.15202232 | E26: =C26/(B26+C26) -> 0.86803874 | F26: =IF(B26>0,MAX(0,($E$2*D26-(1-$E$2))/D26),0) -> 0 | G26: =$D$2*F26 -> 0 | H26: =ROUNDDOWN((G26/$A26)/100+0.2,0)*100 -> 0 | I26: =G26*$C26 -> 0 | J26: =I26/$C$2 -> 0 | K26: =$F26*L$15 -> 0 | L26: =$D$2*K26 -> 0 | M26: =ROUNDDOWN((L26/$A26)/100+0.2,0)*100 -> 0 | N26: =L26*$C26 -> 0 | O26: =N26/$C$2 -> 0 | P26: =$F26*Q$15 -> 0 | Q26: =$D$2*P26 -> 0 | R26: =ROUNDDOWN((Q26/$A26)/100+0.2,0)*100 -> 0 | S26: =Q26*$C26 -> 0 | T26: =S26/$C$2 -> 0 | U26: =$F26*V$15 -> 0 | V26: =$D$2*U26 -> 0 | W26: =ROUNDDOWN((V26/$A26)/100+0.2,0)*100 -> 0 | X26: =V26*$C26 -> 0 | Y26: =X26/$C$2 -> 0 | Z26: =$F26*AA$15 -> 0 | AA26: =$D$2*Z26 -> 0 | AB26: =ROUNDDOWN((AA26/$A26)/100+0.2,0)*100 -> 0 | AC26: =AA26*$C26 -> 0 | AD26: =AC26/$C$2 -> 0 | AE26: =$C$7-+($C$7-$B$7)*(D26-$C$6)/($B$6-$C$6) -> 0.81237099 | AF26: =IF(D26>$B$6,0,IF(D26>$C$6,AE26,IF(D26>0,$C$7,1))) -> 0.75 | AG26: =ROUNDDOWN(($F$2*AF26)/100+0.2,0)*100 -> 26200
A27: 3.02 | B27: =($A$2-A27)/A27 -> 0.042715232 | C27: =(A27-$B$2)/A27 -> 0.2307947 | D27: =B27/C27 -> 0.18507891 | E27: =C27/(B27+C27) -> 0.84382567 | F27: =IF(B27>0,MAX(0,($E$2*D27-(1-$E$2))/D27),0) -> 0 | G27: =$D$2*F27 -> 0 | H27: =ROUNDDOWN((G27/$A27)/100+0.2,0)*100 -> 0 | I27: =G27*$C27 -> 0 | J27: =I27/$C$2 -> 0 | K27: =$F27*L$15 -> 0 | L27: =$D$2*K27 -> 0 | M27: =ROUNDDOWN((L27/$A27)/100+0.2,0)*100 -> 0 | N27: =L27*$C27 -> 0 | O27: =N27/$C$2 -> 0 | P27: =$F27*Q$15 -> 0 | Q27: =$D$2*P27 -> 0 | R27: =ROUNDDOWN((Q27/$A27)/100+0.2,0)*100 -> 0 | S27: =Q27*$C27 -> 0 | T27: =S27/$C$2 -> 0 | U27: =$F27*V$15 -> 0 | V27: =$D$2*U27 -> 0 | W27: =ROUNDDOWN((V27/$A27)/100+0.2,0)*100 -> 0 | X27: =V27*$C27 -> 0 | Y27: =X27/$C$2 -> 0 | Z27: =$F27*AA$15 -> 0 | AA27: =$D$2*Z27 -> 0 | AB27: =ROUNDDOWN((AA27/$A27)/100+0.2,0)*100 -> 0 | AC27: =AA27*$C27 -> 0 | AD27: =AC27/$C$2 -> 0 | AE27: =$C$7-+($C$7-$B$7)*(D27-$C$6)/($B$6-$C$6) -> 0.76939742 | AF27: =IF(D27>$B$6,0,IF(D27>$C$6,AE27,IF(D27>0,$C$7,1))) -> 0.75 | AG27: =ROUNDDOWN(($F$2*AF27)/100+0.2,0)*100 -> 26200
A28: 3 | B28: =($A$2-A28)/A28 -> 0.049666667 | C28: =(A28-$B$2)/A28 -> 0.22566667 | D28: =B28/C28 -> 0.22008863 | E28: =C28/(B28+C28) -> 0.81961259 | F28: =IF(B28>0,MAX(0,($E$2*D28-(1-$E$2))/D28),0) -> 0 | G28: =$D$2*F28 -> 0 | H28: =ROUNDDOWN((G28/$A28)/100+0.2,0)*100 -> 0 | I28: =G28*$C28 -> 0 | J28: =I28/$C$2 -> 0 | K28: =$F28*L$15 -> 0 | L28: =$D$2*K28 -> 0 | M28: =ROUNDDOWN((L28/$A28)/100+0.2,0)*100 -> 0 | N28: =L28*$C28 -> 0 | O28: =N28/$C$2 -> 0 | P28: =$F28*Q$15 -> 0 | Q28: =$D$2*P28 -> 0 | R28: =ROUNDDOWN((Q28/$A28)/100+0.2,0)*100 -> 0 | S28: =Q28*$C28 -> 0 | T28: =S28/$C$2 -> 0 | U28: =$F28*V$15 -> 0 | V28: =$D$2*U28 -> 0 | W28: =ROUNDDOWN((V28/$A28)/100+0.2,0)*100 -> 0 | X28: =V28*$C28 -> 0 | Y28: =X28/$C$2 -> 0 | Z28: =$F28*AA$15 -> 0 | AA28: =$D$2*Z28 -> 0 | AB28: =ROUNDDOWN((AA28/$A28)/100+0.2,0)*100 -> 0 | AC28: =AA28*$C28 -> 0 | AD28: =AC28/$C$2 -> 0 | AE28: =$C$7-+($C$7-$B$7)*(D28-$C$6)/($B$6-$C$6) -> 0.72388479 | AF28: =IF(D28>$B$6,0,IF(D28>$C$6,AE28,IF(D28>0,$C$7,1))) -> 0.72388479 | AG28: =ROUNDDOWN(($F$2*AF28)/100+0.2,0)*100 -> 25300
A29: 2.98 | B29: =($A$2-A29)/A29 -> 0.056711409 | C29: =(A29-$B$2)/A29 -> 0.2204698 | D29: =B29/C29 -> 0.25722983 | E29: =C29/(B29+C29) -> 0.79539952 | F29: =IF(B29>0,MAX(0,($E$2*D29-(1-$E$2))/D29),0) -> 0 | G29: =$D$2*F29 -> 0 | H29: =ROUNDDOWN((G29/$A29)/100+0.2,0)*100 -> 0 | I29: =G29*$C29 -> 0 | J29: =I29/$C$2 -> 0 | K29: =$F29*L$15 -> 0 | L29: =$D$2*K29 -> 0 | M29: =ROUNDDOWN((L29/$A29)/100+0.2,0)*100 -> 0 | N29: =L29*$C29 -> 0 | O29: =N29/$C$2 -> 0 | P29: =$F29*Q$15 -> 0 | Q29: =$D$2*P29 -> 0 | R29: =ROUNDDOWN((Q29/$A29)/100+0.2,0)*100 -> 0 | S29: =Q29*$C29 -> 0 | T29: =S29/$C$2 -> 0 | U29: =$F29*V$15 -> 0 | V29: =$D$2*U29 -> 0 | W29: =ROUNDDOWN((V29/$A29)/100+0.2,0)*100 -> 0 | X29: =V29*$C29 -> 0 | Y29: =X29/$C$2 -> 0 | Z29: =$F29*AA$15 -> 0 | AA29: =$D$2*Z29 -> 0 | AB29: =ROUNDDOWN((AA29/$A29)/100+0.2,0)*100 -> 0 | AC29: =AA29*$C29 -> 0 | AD29: =AC29/$C$2 -> 0 | AE29: =$C$7-+($C$7-$B$7)*(D29-$C$6)/($B$6-$C$6) -> 0.67560122 | AF29: =IF(D29>$B$6,0,IF(D29>$C$6,AE29,IF(D29>0,$C$7,1))) -> 0.67560122 | AG29: =ROUNDDOWN(($F$2*AF29)/100+0.2,0)*100 -> 23600
... A63: 2.3 | B63: =($A$2-A63)/A63 -> 0.36913043 | C63: =(A63-$B$2)/A63 -> -0.01 | D63: =B63/C63 -> -36.913043 | E63: =C63/(B63+C63) -> -0.027845036 | F63: =IF(B63>0,MAX(0,($E$2*D63-(1-$E$2))/D63),0) -> 0.56219081 | G63: =$D$2*F63 -> 61840.989 | H63: =ROUNDDOWN((G63/$A63)/100+0.2,0)*100 -> 26900 | I63: =G63*$C63 -> -618.40989 | J63: =I63/$C$2 -> -0.0030920495 | K63: =$F63*L$15 -> 0.42164311 | L63: =$D$2*K63 -> 46380.742 | M63: =ROUNDDOWN((L63/$A63)/100+0.2,0)*100 -> 20100 | N63: =L63*$C63 -> -463.80742 | O63: =N63/$C$2 -> -0.0023190371 | P63: =$F63*Q$15 -> 0.37666784 | Q63: =$D$2*P63 -> 41433.463 | R63: =ROUNDDOWN((Q63/$A63)/100+0.2,0)*100 -> 18000 | S63: =Q63*$C63 -> -414.33463 | T63: =S63/$C$2 -> -0.0020716731 | U63: =$F63*V$15 -> 0.28109541 | V63: =$D$2*U63 -> 30920.495 | W63: =ROUNDDOWN((V63/$A63)/100+0.2,0)*100 -> 13400 | X63: =V63*$C63 -> -309.20495 | Y63: =X63/$C$2 -> -0.0015460247 | Z63: =$F63*AA$15 -> 0.18552297 | AA63: =$D$2*Z63 -> 20407.527 | AB63: =ROUNDDOWN((AA63/$A63)/100+0.2,0)*100 -> 8800 | AC63: =AA63*$C63 -> -204.07527 | AD63: =AC63/$C$2 -> -0.0010203763 | AE63: =$C$7-+($C$7-$B$7)*(D63-$C$6)/($B$6-$C$6) -> 48.996957 | AF63: =IF(D63>$B$6,0,IF(D63>$C$6,AE63,IF(D63>0,$C$7,1))) -> 1 | AG63: =ROUNDDOWN(($F$2*AF63)/100+0.2,0)*100 -> 35000
A65: 每笔交易后，需更新可用资金，然后重新计算
A66: 止损规则：跌破最低位-2%，则立刻止损离场，可确保每笔交易亏损不超过总资金的5%

Sheet 后续问题
B1: 如何减仓 | J1: 如何估计胜率
B29: 目前自己拍脑袋了一个，基于重新计算盈亏比的减仓模式

Sheet 保证金计算

Sheet 公式说明
A1: 盈亏平衡胜率公式：rl=下跌空间 rw=上涨空间
A7: 全凯利公式：p=胜率 b=盈亏比
